content_id,content_title,content_type,genre,release_year,director
1,Early Attack,Movie,Documentary,2021,Melinda Bradley
2,Down Exactly,Series,Drama,1998,Brandi Smith
3,Door Skill,Series,Thriller,2009,Frederick Hawkins
4,Woman Staff,Series,Biography,2013,Randy Baldwin
5,List Return,Movie,Comedy,2003,John Rodgers
6,Speak Ten,Movie,Crime,2019,Krista Reeves
7,Of Class,Series,Comedy,2007,Teresa Cook
8,Far Ready,Movie,Thriller,2014,Charles Jarvis
9,City Machine,Movie,Thriller,2003,Jeremy Pierce
10,Morning Gun,Series,Comedy,2008,Mr. Matthew Ward
11,Tax Goal,Movie,Drama,2012,Dr. Kari Newman
12,Poor Her,Movie,Drama,2019,Scott Shields MD
13,Else Heavy,Movie,Sci-Fi,2011,Madison Wallace
14,Produce Whom,Movie,Drama,2004,Cynthia Rice
15,Health Result,Movie,Sci-Fi,2006,Sean Gill
16,Tree Scientist,Movie,Action,2023,Nichole Hunt
17,Identify Last,Movie,Thriller,2015,Benjamin Medina
18,Nation Very,Series,Drama,1999,Tina Bell
19,Knowledge Challenge,Movie,Thriller,2001,Brian Long
20,Lead Change,Series,Documentary,2009,Jay Garcia
21,Before All,Movie,Sci-Fi,2001,Robert Williams
22,Heart Arrive,Series,Adventure,2016,Erin Hopkins
23,Notice Bag,Movie,Biography,2011,Adam Hendrix
24,List More,Movie,Drama,2019,Jason Hudson
25,Leg Walk,Series,Documentary,2021,William Daniels
26,Hotel Lay,Series,Drama,2012,David Clay
27,Gas Answer,Movie,Drama,2011,Kenneth Herman
28,Dinner Themselves,Movie,Crime,2014,Michael Moss
29,Want Since,Movie,Thriller,2017,Erica Leonard
30,True Partner,Movie,Comedy,2004,Drew Johnson
31,Deep Put,Movie,Adventure,2007,Dawn Elliott
32,Phone Result,Movie,Documentary,2025,Thomas Colon
33,Large Wall,Movie,Documentary,2005,Richard Lane
34,Everyone Risk,Series,Romance,2024,Crystal Brown
35,Expert Ahead,Movie,Adventure,2010,Craig Erickson
36,Suffer None,Movie,Drama,2004,Stephanie Clark
37,Expect Artist,Series,History,2015,Brittany Mora
38,Nature Local,Series,Thriller,2008,Ryan Werner
39,Responsibility Grow,Movie,Thriller,2004,Christina Vincent
40,On Force,Series,Drama,2022,Mr. Brandon Lewis
41,Bank Part,Series,Adventure,2000,Joyce Harris
42,Current Tough,Movie,Action,2019,Carol Bell
43,Respond Which,Movie,Adventure,2015,Terry Moore
44,Hand News,Movie,Action,2018,Joseph Mccullough
45,Their Hard,Movie,Sci-Fi,2005,Mrs. Tammie Dunn
46,Boy Almost,Series,Action,2019,Tina Rogers
47,Seem When,Movie,Adventure,2015,Daniel King
48,Buy Time,Movie,History,2001,Benjamin Lopez
49,Sell Customer,Series,Drama,2023,Deanna Mcguire
50,Seem Responsibility,Series,Action,2024,Laura Murray
51,Air Foreign,Movie,History,2020,Morgan Hoffman
52,Wonder Business,Movie,History,2002,Rachel Rivera
53,Interest Success,Series,Documentary,2007,Stephanie Perkins
54,Return Anything,Series,History,2024,Sonya Hanson
55,Score Tonight,Movie,Documentary,2013,Linda Perez
56,Pass New,Series,Drama,1998,Diane Owen
57,Health Region,Series,Comedy,2020,Joseph Ryan
58,Follow Not,Series,Documentary,2008,Melinda Smith
59,Attorney Son,Movie,Adventure,2016,Gene Nixon
60,Together Range,Series,Sci-Fi,2009,Kimberly Jones
61,Decade Other,Series,Documentary,2018,Johnathan Allen
62,Rule Summer,Series,Biography,1998,Paul Higgins
63,Behavior Quite,Movie,Drama,1999,Alyssa Duke
64,Relationship Bring,Movie,Adventure,2000,Dawn Kelly
65,Card Film,Movie,Action,2004,Trevor Powell
66,Individual Chance,Movie,Biography,2010,Matthew Mcdowell
67,Year Mention,Movie,Thriller,2009,Frank Cummings
68,Scene Force,Movie,Sci-Fi,2006,Julie Martinez
69,Direction Respond,Movie,Thriller,2003,Olivia Calderon
70,Store Rise,Movie,Drama,1998,Kevin Jimenez
71,Us Deal,Series,Drama,2016,Bradley Rowe
72,When Full,Movie,Drama,2009,Chad Adkins
73,Better Small,Series,Action,2019,Lee Johnson
74,Record Should,Movie,History,2024,Laurie Sullivan
75,Child Party,Movie,Drama,2019,Kelly Bryant
76,Reach Will,Series,Documentary,2007,Jennifer Booth DDS
77,Deep Special,Movie,Documentary,2018,Caitlyn Fisher
78,Country World,Movie,Action,2000,Margaret Mcconnell
79,Require President,Movie,Comedy,2020,Cynthia Zhang
80,Commercial Building,Series,History,2000,Samantha Medina
81,Hour Expect,Series,Documentary,2014,Kristin Sharp
82,Say Budget,Series,Romance,2005,Shawn Sloan
83,Mouth Provide,Movie,Action,2018,Dr. Eric Smith
84,Question Color,Series,Crime,1998,Michael Scott
85,Everyone By,Movie,Crime,2015,Debra Palmer
86,Better Head,Series,Crime,2008,Keith Reid
87,Interview Against,Movie,Sci-Fi,2011,Eric Snyder
88,Office Rich,Series,Documentary,2016,David Floyd
89,It Set,Series,Crime,2025,Courtney Snyder
90,Region Food,Movie,Thriller,2007,Katherine Nelson
91,Trouble Truth,Movie,Crime,2001,Valerie Ashley
92,Fast And,Series,Drama,2011,Regina Morrison
93,Tend Force,Movie,Biography,2016,Jennifer Johnson
94,Several Fund,Movie,Drama,2018,Justin Payne
95,Interview Quite,Series,Crime,2003,David House
96,Collection Edge,Series,Drama,2013,Nancy Leblanc
97,Its Whom,Series,Sci-Fi,2002,Patrick Perez DDS
98,Company Past,Movie,Adventure,2009,Jack Hall
99,Same Surface,Movie,Action,2016,Timothy Parker
100,Develop Newspaper,Movie,Drama,2025,Christopher Miles
101,Voice Article,Series,Biography,2010,Sonya Martin
102,Let Become,Movie,Comedy,1999,James Bell
103,Seat Walk,Movie,Action,2004,Jodi Hansen
104,Ok See,Movie,Thriller,2023,Thomas Jones
105,Family Ahead,Movie,Drama,1998,Eric Camacho
106,Care Sign,Movie,Action,2006,James Garcia
107,Seek Strategy,Movie,History,2023,Jennifer Cruz
108,Factor Important,Movie,Sci-Fi,2018,Richard Owens
109,Beat Million,Movie,Crime,2017,Brian Atkinson
110,Mother Summer,Series,Documentary,2009,Crystal Davis
111,Fact Necessary,Series,Thriller,2016,Monica Cox
112,Garden Behind,Movie,Adventure,2013,Victoria Meyer
113,Not Window,Series,Thriller,2010,Victor Hubbard
114,Easy Herself,Series,Drama,2012,Patricia Anderson
115,Physical Apply,Movie,Documentary,2025,Chad Valenzuela
116,Inside Collection,Movie,Thriller,2012,Paul Juarez
117,Board Tell,Movie,Biography,2017,Christopher Miranda
118,Drop Either,Movie,Documentary,2017,Mark Dunn
119,Attention Sit,Series,Drama,2018,Scott Miller
120,Player Point,Movie,History,2018,Elizabeth Olson
121,Deep Economy,Series,Drama,2021,Nicole Rodriguez
122,Game Fish,Series,Action,2024,Jerry Murray
123,Western Explain,Movie,Documentary,2025,Anna Smith
124,Hear Education,Movie,Comedy,2004,Vanessa Hester
125,Half Front,Series,Thriller,2007,Elizabeth Diaz
126,There Research,Series,Sci-Fi,2021,Yvette Castillo
127,Great Land,Movie,Adventure,2006,Donna Daniels
128,There Research,Series,Crime,2015,Kelly Gonzales
129,Authority Book,Movie,Adventure,2022,Melissa Love
130,Candidate Born,Series,History,2010,Christine Yang
131,Talk Huge,Series,Drama,2019,Curtis Novak
132,Fact Determine,Movie,Documentary,2021,Megan Alvarez
133,Pressure Discussion,Movie,Thriller,2002,Joshua Stewart
134,Condition Yard,Movie,Sci-Fi,2018,Paula Reyes
135,Teach Become,Movie,Thriller,2009,Corey Stephenson
136,Offer Leave,Movie,Documentary,2020,Denise Reyes
137,Idea Popular,Series,Documentary,2005,Charlene Johnson
138,Method Quality,Series,Documentary,2007,Melissa Campbell
139,Bring Modern,Series,Drama,2014,Charlotte Parsons
140,Or Water,Movie,Crime,2008,Paul Hanson
141,Sister Bad,Movie,History,2003,Jean Luna
142,Side Hope,Series,Drama,2016,Todd Edwards
143,Require Born,Series,Thriller,2025,Christopher Moore
144,Then Real,Series,History,1998,Phillip Zhang
145,Science Determine,Movie,Biography,2025,Lindsey Wright
146,Woman Three,Series,Drama,2018,Donna Leonard
147,Media Step,Movie,Crime,2008,Brandon Wright
148,Stop Month,Series,Action,2015,Jonathan Cervantes
149,Option Herself,Movie,Sci-Fi,2006,Cynthia Molina
150,Them Theory,Series,Biography,2021,Rebecca Tucker
151,Us Treatment,Movie,Drama,2022,James Morgan
152,Democratic What,Movie,Drama,2015,Amy Cunningham
153,Music Four,Movie,Romance,2006,Kristin Finley
154,Television With,Movie,Adventure,2024,Mathew Mcknight
155,South Determine,Series,Drama,1999,Mckenzie Williams
156,Right Check,Series,History,2022,William Yang
157,Past Police,Series,Documentary,2012,Robert Whitney
158,Certainly When,Series,History,2024,Sarah Burns
159,Garden Receive,Movie,Documentary,2016,Kimberly Armstrong
160,Why News,Movie,Thriller,2009,Christopher Silva
161,Book Ball,Series,Thriller,2018,Ricky Joyce
162,Season Special,Movie,Crime,2020,Xavier Underwood
163,Citizen Sport,Movie,Action,2023,Kathryn Finley
164,For Nor,Series,Comedy,2005,Whitney Gutierrez
165,Head Without,Movie,Thriller,2011,Vanessa Miller
166,Long Around,Movie,History,2025,Victoria Bailey
167,Bar Policy,Series,Thriller,2008,Carolyn Wilkinson
168,Woman Class,Movie,Romance,2022,Alice Schmidt
169,Official Travel,Series,Comedy,2000,Karen Smith
170,Onto Six,Series,Comedy,2003,Daniel Johnson DVM
171,National Toward,Movie,Crime,2016,Andrew Logan
172,New Base,Movie,Biography,2017,Taylor Mcgee
173,Face Member,Movie,Drama,2002,Zachary Black
174,High Data,Series,Romance,2011,Colin Manning
175,Issue Yard,Series,Drama,2018,Christina Mckay
176,Run Owner,Movie,Drama,2017,Michael Martinez
177,Sure Debate,Movie,Thriller,1999,Emily Welch
178,Record Imagine,Series,Documentary,2008,Troy Mann
179,Expect Nothing,Movie,Comedy,2009,Joe Cole
180,Realize Better,Movie,Drama,2021,Lawrence Hall
181,Behavior Clearly,Series,Thriller,2004,Jessica Gibson
182,Already Go,Series,Documentary,2003,Leslie Williams
183,Western Everything,Movie,Comedy,2007,Aaron Valencia
184,Enjoy Need,Movie,Crime,2019,Emily Johnson
185,Reveal Throughout,Series,Crime,2018,Brian Roach
186,Prove Then,Movie,Action,2002,Andrea Evans
187,Indicate Must,Movie,Action,2009,Justin Robinson
188,Off His,Movie,Action,2017,Sarah Lozano
189,Enough Out,Movie,Comedy,1999,James Jimenez
190,World Everything,Movie,Action,2015,George Hawkins
191,Piece Maintain,Series,Sci-Fi,2011,Rebecca Garcia
192,Focus Between,Series,History,2002,John Armstrong
193,Data Campaign,Series,Drama,2025,Darius Baker
194,Position Build,Series,History,2023,Mary Hancock
195,Itself Career,Movie,Drama,2002,Jennifer Wright
196,System Artist,Series,Drama,2000,Julie Delgado
197,Serious Describe,Movie,Documentary,2002,Marcus Carlson
198,Evening Offer,Movie,Thriller,2015,Ryan Walters
199,Medical Middle,Movie,Comedy,2015,Samantha Stanley
200,They Arm,Movie,Comedy,2025,William Wallace
201,Evidence Every,Series,Drama,2021,Andrew Sanchez
202,Away Condition,Movie,History,2015,Timothy Vance
203,Wear Magazine,Series,Documentary,2024,Erica Higgins
204,Appear South,Movie,Romance,2015,Andrew Farmer
205,Good Improve,Series,Sci-Fi,2007,Joseph Parker
206,Adult Watch,Series,Documentary,2014,Terry Wood
207,Occur Couple,Series,Adventure,2007,Larry Miller
208,Life And,Series,Biography,2007,Wendy Shea
209,Clearly Meet,Series,History,2020,Sherry Meza
210,Dream After,Movie,Romance,2003,Ashley Clark
211,Teach Create,Series,Documentary,2016,Amanda Harrison
212,Everything About,Series,Crime,2006,Dr. Ashlee Collins
213,Left Media,Series,Crime,1998,Michael Morris
214,Doctor Write,Movie,Adventure,2000,Lucas Massey
215,Top Civil,Series,Drama,2019,Rhonda Ross
216,Really Its,Series,Documentary,2020,Chase Moore
217,Toward Art,Movie,Drama,2024,Matthew Rodriguez
218,Feeling Chance,Series,Action,2006,Claudia Wiley
219,Of Answer,Series,Action,2000,Joseph Orozco
220,Understand Town,Movie,Action,2020,Jeffrey Murray
221,Attack Character,Series,History,2013,Miss Alexandria Thompson MD
222,Class Improve,Series,Sci-Fi,2006,Lynn Torres
223,Ground Year,Series,Romance,2003,Mary Hanson
224,However Artist,Series,Crime,2000,Trevor Esparza
225,Dark Yes,Movie,Comedy,1999,Matthew Salazar
226,Able School,Movie,Thriller,2012,Michael Gonzalez
227,First Tree,Movie,Drama,2020,Linda Brock DDS
228,Reach Shake,Movie,Drama,2009,Linda Smith
229,Little Too,Series,Thriller,2008,James Martinez
230,Nor Manage,Movie,Comedy,2012,Robert Hall
231,Woman Which,Movie,Documentary,2019,Cathy Campbell
232,Particular A,Series,Documentary,1998,Heather Brewer DDS
233,Me Grow,Series,Thriller,2006,Angelica Knox
234,Way I,Series,History,2023,Tammy Baker
235,Loss Why,Movie,History,2011,Rachel Cain
236,Particular Sell,Series,Drama,2009,James Parsons
237,Will Remember,Movie,Action,2017,Tina Juarez
238,Pick Animal,Series,Thriller,2021,Hannah Roth
239,Tough Rather,Series,Comedy,2024,Anne Alexander
240,Figure Attorney,Series,Biography,1998,Carl Montoya
241,Age Business,Series,Romance,2010,Denise Clarke
242,Plan Quite,Series,Drama,2006,Benjamin Franklin
243,Great Eat,Movie,Crime,2015,Stephanie Green
244,Hotel Of,Series,Biography,2007,Antonio Warren
245,Mr Plan,Series,Drama,2010,Carlos Valdez
246,Door South,Series,Drama,2022,Sandra Rivera
247,Tough Man,Movie,History,2024,John Perez
248,Condition Write,Series,History,2002,Dennis Richard
249,Future Family,Series,History,1998,Ian Hebert
250,These Data,Series,Drama,2005,Ashley Hunter
251,Together Financial,Series,Biography,2019,Molly Elliott
252,Nation Central,Movie,History,2006,Chad Lara
253,Hot Ok,Series,Documentary,2020,Andrew Elliott
254,Before Agree,Movie,Documentary,2009,Melanie Parker
255,Can Bill,Movie,Thriller,2019,Preston Montoya
256,State Table,Series,Comedy,2016,Jeremy Berry
257,Dark Best,Movie,Action,2005,Chad Davis
258,Interesting Lay,Series,History,1999,Laura Weber
259,Republican It,Series,Biography,2024,Tiffany Taylor
260,Third Huge,Series,Documentary,2011,Michael Coleman
261,Think Section,Series,Sci-Fi,2025,Mrs. Lisa Hughes
262,Debate Table,Movie,Adventure,2016,Gary Reese PhD
263,Let Amount,Movie,Adventure,2010,Eric Bryant
264,Enough College,Series,History,2015,Mr. Jeffrey Watson
265,That Learn,Movie,Documentary,2016,Mary Ruiz
266,Available Cause,Movie,Thriller,2010,Kyle Thomas
267,Just Notice,Series,Sci-Fi,2016,Lisa Arroyo
268,Important Produce,Series,Sci-Fi,2018,Jose Welch
269,Face Upon,Movie,Action,2006,Christopher Brown
270,Once Foreign,Series,Adventure,2008,Shane Brown
271,Can Most,Series,Biography,2013,Cindy Watson
272,Guess Why,Series,Documentary,2025,James Rivers MD
273,High Everybody,Movie,Crime,2013,Christopher Lynn
274,Fund Air,Movie,Sci-Fi,2024,Jill Clark
275,Wind Picture,Movie,Comedy,2018,Mitchell Newton
276,Indicate Under,Movie,History,2003,Samantha Jenkins
277,Price Whether,Movie,History,1998,Evan Mason
278,Time She,Movie,Action,2014,Casey Mitchell
279,Those Agency,Series,Sci-Fi,2017,Alexis Bailey
280,Treat Manager,Series,Crime,2024,Daniel Potts
281,Crime Debate,Movie,Adventure,2011,Lisa Lutz
282,Discuss Sure,Series,History,2024,Douglas Schultz
283,Leave Student,Movie,Comedy,2002,Ashley Daniels
284,Century There,Movie,Sci-Fi,2015,Christine Conner
285,Ability Modern,Movie,Documentary,2018,Joshua Mccarty
286,Indicate Few,Movie,Drama,2024,Angela Malone
287,Live Realize,Movie,Sci-Fi,2015,Kimberly Williams
288,Bed Main,Movie,Thriller,2016,Amy Brown
289,Movement Edge,Movie,History,2021,Jeffrey Ochoa
290,Religious Religious,Series,Drama,2007,Marc Reed
291,Sure Plan,Series,Action,2014,Justin Kelly
292,Somebody Party,Series,Romance,2004,Michael Miller
293,Perhaps Floor,Movie,Drama,2010,Daisy Clark
294,Some Medical,Movie,Drama,1998,Mark York
295,That Produce,Series,Documentary,2002,David Smith
296,Simple List,Movie,Action,2002,Natalie Reid
297,Contain Mention,Series,Drama,1999,Raymond Hickman
298,Why Center,Series,Action,2020,Megan Spencer
299,Power Medical,Series,History,2022,Zachary Jones
300,Sit Reach,Movie,Documentary,2014,Daniel Hopkins
301,Occur Friend,Series,Thriller,2016,Vickie Morton
302,Letter Mean,Series,Drama,2000,Tyler Hicks
303,List Second,Movie,Action,2007,Michelle Tucker
304,Raise Reveal,Movie,Drama,2012,Randy Taylor
305,Call Through,Series,Comedy,2018,Melissa Martinez
306,Human Career,Movie,Drama,2006,Matthew Acosta
307,Tend Staff,Movie,Romance,1999,Jeffrey Hines
308,Loss Author,Series,History,2000,Tara Bates
309,Chance Wish,Series,Drama,2024,Kimberly Page
310,Theory On,Series,Romance,2020,Ashley Long
311,Where Performance,Series,Sci-Fi,2012,Joseph White
312,Now Shake,Movie,Crime,2012,Angela Dunn
313,Somebody Enter,Series,Action,2009,Gregory Cruz
314,Business Range,Movie,Documentary,2009,Michael Hayes
315,Health Successful,Series,Sci-Fi,2009,Anthony Hull Jr.
316,Guy Listen,Series,Biography,2018,Francisco Myers
317,Identify South,Movie,Drama,2023,Andrew Goodman
318,Change With,Series,Action,2021,Connie Stevenson
319,Interview Let,Movie,History,2004,William Nguyen
320,Control World,Movie,Sci-Fi,2011,Shelly Taylor
321,May Hope,Movie,Drama,2020,Barbara Obrien
322,Industry Feel,Series,Biography,2024,Alicia Barker
323,Score Six,Movie,Sci-Fi,2022,Elizabeth Shepherd
324,Mother Money,Movie,Thriller,2025,Ashley Castillo
325,Final Idea,Movie,Drama,2022,Juan Eaton
326,At Whether,Movie,Documentary,2017,Alyssa Powell
327,Ago Collection,Movie,Drama,2014,John Jones
328,Carry Sea,Movie,Documentary,2013,Ryan Salazar
329,Order Need,Series,History,2010,Manuel Tran
330,Drive Growth,Series,Documentary,2011,Rebecca Jones
331,Door Term,Series,Biography,2004,Devin Mills
332,Interest Rock,Series,History,2017,Mrs. Ann Giles
333,Free Suffer,Movie,Drama,2025,Thomas Yates
334,Tell Enjoy,Series,Drama,2024,Sierra Stanley
335,Then Imagine,Series,Biography,2019,Harold Hodge
336,Allow Bit,Movie,Sci-Fi,2020,Nathaniel Barnes
337,None Program,Movie,Drama,2020,Nicholas Bonilla
338,Rate Single,Series,Adventure,2020,Joseph Hinton
339,Company Newspaper,Movie,Documentary,2003,Melissa Finley
340,Better From,Movie,Drama,2018,Megan Valenzuela
341,Beat Do,Movie,Thriller,2022,Rebecca Green
342,Decade Key,Movie,Sci-Fi,2005,Sherry Barnes
343,Including High,Series,Biography,2001,Jesus Sullivan
344,Couple Against,Movie,Documentary,2002,Cheyenne Hooper
345,Movie Wind,Series,History,2000,Patricia Ruiz
346,They Service,Series,History,2017,James Madden
347,Think One,Movie,History,2009,Debra Bentley
348,Him Wrong,Movie,Thriller,2025,Erin Scott
349,Whose Nice,Series,Drama,2009,Mrs. Caitlyn Butler
350,Mind More,Movie,Drama,1998,Kristy Stuart
351,Field Follow,Series,Adventure,2022,Antonio Cole
352,Environmental Sit,Series,Romance,2008,Ricardo Perry
353,Throughout Southern,Series,Drama,2008,Trevor Brown
354,Total Seat,Series,History,2013,William Davies
355,Mouth Win,Movie,Documentary,1999,Donald Hughes DDS
356,Past Be,Movie,Comedy,2016,Sara Hooper
357,Often Smile,Movie,Action,2011,Angela Campbell
358,Mind Shoulder,Series,Romance,2015,Edward Kelly
359,Watch Style,Series,Drama,2020,Daniel Kent DDS
360,Poor Debate,Series,Comedy,2001,Miss Jacqueline Smith
361,Father Simply,Series,Crime,2024,Victoria Cordova
362,Include Leave,Series,Sci-Fi,2018,Erica Walters
363,Billion Treatment,Series,Action,2025,Sherry Brown
364,I Subject,Movie,Thriller,1998,Brianna Fisher
365,Range Alone,Movie,Action,2001,Laurie Taylor
366,Simple Manage,Movie,Comedy,2025,Kelly Hawkins
367,Out Food,Movie,Drama,2023,Laura Wong
368,Short Could,Series,Drama,2024,Aaron Gates
369,Three Away,Movie,Thriller,2008,Frank Carroll
370,Away Across,Series,Thriller,2011,Tony Rhodes
371,Other Where,Series,Drama,2016,Caleb Butler
372,Career Training,Series,Drama,2018,Randy Gonzalez
373,Today History,Series,Drama,2017,Elizabeth Howard
374,Discussion Republican,Movie,Biography,2014,Kevin Williams
375,Bad Campaign,Movie,Thriller,2019,Michael Rivera
376,From Receive,Series,Thriller,2007,Raymond Mcdonald
377,Only Two,Series,Documentary,2022,George Armstrong
378,Sure Today,Movie,Sci-Fi,2006,Elizabeth Simpson
379,Help True,Series,Action,2006,Michael Brown
380,Close Interest,Series,History,2001,Scott Hill
381,Through Former,Movie,Drama,2012,Rhonda Wall
382,Can Professional,Series,History,2015,Krista Anderson
383,Table Model,Series,Drama,2020,Rebecca Garcia
384,Positive Decade,Series,Drama,2007,Eric Thompson
385,Kind Art,Series,Crime,2019,Marilyn Carroll
386,Box Hear,Series,Documentary,2005,James Barrera
387,Us Ahead,Series,Documentary,2025,Amber Newton
388,Thank Table,Series,Biography,2006,Victoria Castillo
389,Throughout Perhaps,Series,Documentary,2008,Patrick Vaughn
390,Major Although,Series,Drama,2002,Brett Evans
391,Center Herself,Series,Crime,2019,Rachel Reynolds
392,Can Minute,Movie,Drama,2012,Michael Morris
393,Director Season,Movie,Romance,2007,Bradley Rodriguez
394,Key Spring,Series,Biography,2011,Jordan Walker
395,Public Learn,Movie,Documentary,2015,Megan Oconnor
396,Contain Very,Movie,Biography,2014,Jason Davis
397,Sing Green,Series,Drama,2010,David Stephenson
398,Their Become,Series,History,2009,Mark Martin
399,Quality Debate,Series,Sci-Fi,1999,Rebecca Yoder
400,Plan Stage,Series,Comedy,2000,Gina Christensen
401,Response Federal,Movie,Thriller,2017,Jerry Kelley
402,Yes Peace,Movie,Adventure,2006,Kenneth Rhodes
403,Commercial Doctor,Series,Comedy,2023,Amanda Smith
404,Authority Source,Movie,Romance,2011,Timothy Fletcher
405,Letter Between,Series,Drama,2021,William Buchanan
406,Her Prove,Series,Drama,2016,Paige Todd
407,Wind Ok,Movie,Documentary,2023,Karen Vincent
408,Character Begin,Series,Biography,2008,Zachary Fowler
409,Action Local,Movie,Thriller,2000,Samuel Hamilton
410,Development Type,Movie,Drama,2016,John Powell
411,Subject Place,Movie,Crime,2008,Curtis Harper
412,Reflect Political,Series,Documentary,2011,Daniel Clark
413,Put Manage,Series,Romance,2000,Julie Mcknight
414,General Hope,Series,Documentary,2018,Dr. Brandon Hodge
415,Spend Fund,Series,Crime,2018,Matthew Miller
416,At Admit,Movie,Crime,2000,Mrs. Shannon Tyler
417,Standard Drive,Series,History,2025,Sarah Jones
418,That Floor,Movie,Romance,2008,Sharon Diaz
419,Order Seek,Movie,Action,2005,Tyrone Goodwin
420,Case Within,Movie,Adventure,2004,Scott Jordan
421,Should Cost,Series,History,1999,Katherine Reyes
422,Real Painting,Movie,Drama,2004,Jill Powell
423,Whether Stand,Movie,Documentary,2008,Whitney Sullivan
424,As Us,Movie,Documentary,2025,Gabriel Johnson
425,Really A,Movie,Action,2004,Isabel Shaffer
426,Offer Phone,Series,Documentary,1998,Robert Smith
427,Radio Today,Series,History,2013,Anna Davis
428,Take Catch,Movie,Documentary,2007,Candice Hernandez
429,Special Explain,Series,History,2015,Amanda Petersen
430,Series Ten,Series,Biography,2016,Michael Stanton
431,Candidate Stage,Series,Comedy,2005,Megan Freeman
432,Ever Ask,Movie,Crime,1999,John Myers
433,Scene Possible,Movie,Sci-Fi,2012,Melissa Harvey
434,Protect Few,Movie,Thriller,2017,Jennifer Jimenez
435,Measure Feel,Series,Documentary,2013,Lindsey Zamora
436,Know Center,Movie,Documentary,2012,Christopher Johnson
437,Factor Continue,Movie,Documentary,2000,Thomas Todd
438,Two Firm,Movie,Drama,2020,Thomas Romero
439,Fish Debate,Series,Thriller,2000,Kathleen Warner
440,Level Guy,Series,Adventure,2010,Joyce Thomas
441,Clearly During,Movie,Thriller,2005,Bradley Phillips
442,Ten Magazine,Series,Documentary,2015,Christopher Kane
443,Item Seek,Series,Sci-Fi,2014,Robert Rogers
444,Recent Pass,Movie,Comedy,2008,James Francis
445,Customer Evidence,Series,History,2010,Jessica Krause
446,Democrat Number,Series,Drama,2003,Tracy Odom
447,Just Marriage,Movie,Documentary,2014,Manuel Warren
448,Society Social,Movie,Drama,2020,Catherine Johnson
449,Police Yard,Series,Documentary,2020,Amy Harris
450,Director Rather,Series,Drama,2017,Alexis Chandler
451,Occur Chance,Movie,Biography,2013,Victor Flowers
452,Law Sense,Series,Drama,1998,Marvin Hanson
453,Law Certainly,Series,Biography,2003,Catherine Banks
454,Debate Scientist,Series,Sci-Fi,2019,Ashlee Duran
455,Project Serious,Movie,Documentary,2020,Roger Nelson
456,Recognize Only,Series,Drama,2007,Kimberly Dunn
457,Often Program,Movie,Drama,2015,Amy Cordova
458,Appear Computer,Series,Drama,2000,Christopher Lewis
459,Report Up,Movie,Action,2010,Dr. Sarah Jackson PhD
460,Partner View,Movie,Sci-Fi,2010,Kristina Taylor
461,Still Small,Series,Crime,2017,Sheena Williams
462,Give Message,Movie,Sci-Fi,2003,Timothy Peterson
463,Life Change,Series,History,2014,Shirley Kent
464,Recently Responsibility,Series,Action,2016,Alexandra Craig
465,Choice Reach,Movie,Biography,2022,Matthew Myers
466,Talk When,Movie,Drama,2014,Aaron Delacruz
467,Travel Mouth,Series,Drama,2013,Eric Dawson
468,Art Cover,Series,Adventure,2000,Robert Clark
469,Media House,Movie,Biography,2012,Karina Parrish
470,Watch Street,Series,Comedy,2023,Samuel Zimmerman
471,Company Know,Movie,Drama,2022,Tamara Rodgers DDS
472,Husband Likely,Movie,Adventure,2022,Luke Johnson
473,Until Team,Movie,Biography,2025,Amanda Brown
474,Lead Really,Series,Action,2010,Shelby Sims
475,Able Green,Series,Drama,2011,Heidi Sherman
476,Arrive Argue,Series,History,2012,Angela Douglas
477,Crime Design,Movie,Crime,2019,Elizabeth Forbes
478,Song Themselves,Movie,Crime,2010,Alexander Washington
479,Example Sure,Movie,Action,2006,Gabrielle Manning
480,Her Money,Series,Comedy,2011,Brandon Raymond
481,Still Himself,Series,Biography,2015,Christopher Simmons
482,Authority Everybody,Movie,Thriller,2009,Daniel Dean
483,For Out,Movie,Crime,2005,Susan Mendoza
484,Audience Continue,Movie,Comedy,2023,Kristie Vargas
485,Fire Relationship,Series,History,2021,Kenneth Haley
486,Realize Table,Series,Adventure,2021,Henry Perkins
487,Hold Though,Series,Comedy,2010,Diane Jones
488,Hit Live,Series,Sci-Fi,2001,Jennifer Delgado
489,Deal My,Series,Crime,2000,Scott Bass
490,Where Kind,Series,Comedy,2016,Catherine Huff
491,Fight Pull,Series,Drama,2011,Jesse Matthews
492,Foreign Them,Movie,Romance,2023,Stephanie Lowe
493,Attack Around,Series,Documentary,2004,Steven Lopez
494,Service Order,Series,Documentary,2005,Peter Simmons
495,Thought Beat,Movie,Biography,2013,Robert Johnson
496,Physical Note,Series,Documentary,2015,Fernando Fletcher
497,True Necessary,Series,Drama,1999,Trevor Martinez
498,Oil Along,Movie,Documentary,2017,Deanna Mueller
499,Left Recently,Movie,Crime,2011,Mitchell Wright
500,Structure Cup,Series,Thriller,2024,Brittany Richardson
501,Base Vote,Movie,History,2025,Marc Maxwell
502,Professor Something,Series,Thriller,2014,Melissa Cox
503,Whose Save,Series,Adventure,2020,Joseph Lee
504,We Begin,Movie,Sci-Fi,2006,Brandon Perkins
505,Fire Outside,Series,Crime,2000,Katherine Rogers
506,Term Image,Movie,Sci-Fi,2009,April Powell
507,Purpose Prevent,Movie,Action,2006,Gregory Lopez
508,Baby Least,Movie,Action,2008,Emily Thompson
509,Free Anyone,Series,Drama,2017,Michele Spencer
510,Success Season,Series,Biography,2006,Daniel Wilson
511,Support Life,Series,Action,2022,Chad Steele
512,Really These,Series,Drama,1998,Victor Martinez
513,Or Question,Movie,Biography,2001,Michael Gregory
514,Over Star,Movie,Crime,2008,Rachel Luna
515,Western Somebody,Series,Drama,2005,Ronnie Richards
516,Late List,Series,Drama,2011,Stephanie Bowman
517,Professor Live,Series,Romance,2009,Gilbert Thomas
518,Into Trial,Movie,Comedy,2007,Carlos Grant
519,From Resource,Series,History,2013,Tina Moses
520,Prepare Expect,Series,History,2021,Mary Black
521,Of Pass,Movie,Comedy,2016,Kendra Edwards
522,Else Region,Series,Drama,2010,Mr. Matthew Ramirez DDS
523,Age Series,Movie,Documentary,2023,Michael Parrish
524,Fire Eye,Series,Biography,2024,Patrick Levine
525,Example Main,Movie,Crime,2019,Andrew Taylor
526,Fill Foreign,Movie,Action,2001,Nicole Liu MD
527,Wrong Bit,Movie,Documentary,2016,Christina Perez
528,Small Small,Series,Documentary,2023,Lisa Bullock
529,Step Might,Movie,Thriller,2019,Robin Robinson
530,Style Field,Movie,Drama,2023,Kenneth Kelley
531,Pattern Any,Series,Documentary,2011,Steven Lozano
532,Human Maybe,Series,Documentary,2006,Eric Cooper
533,Inside Card,Series,Sci-Fi,2002,Amy Rogers
534,Stop Sport,Series,Action,2002,Isaiah Johnson
535,Physical Wait,Series,Sci-Fi,2024,Gabriel Wolf
536,Like Determine,Movie,Crime,2009,Brittany Nicholson
537,Mouth Address,Series,Action,2012,Andrew Mills
538,Fish Young,Series,Adventure,2025,Robert Meyer
539,Those Young,Movie,History,2003,Misty Monroe
540,Course Me,Series,Drama,2000,Kimberly Warren
541,State Likely,Movie,History,2006,Wesley Bryant
542,As Natural,Movie,Crime,2015,Gabriel Vaughn
543,Student Must,Series,Documentary,2012,Ryan Raymond
544,Professional Difference,Movie,Drama,2021,Amber Mcbride
545,Actually Performance,Movie,Adventure,2022,Dustin Henderson
546,Accept Agent,Series,Sci-Fi,2024,Kristin Beard
547,System Increase,Series,Action,2016,Victor Parker
548,Enter Interview,Movie,Documentary,2014,Christopher Morgan
549,Enter Ground,Movie,Adventure,2014,Teresa Bowen
550,Partner Peace,Movie,Biography,2023,Sarah Hicks DVM
551,Total Difficult,Series,Thriller,2019,Connie Barrett
552,Our Letter,Movie,Action,2014,Brooke Grant DDS
553,Cup Answer,Series,Thriller,2017,Wanda Alexander
554,Instead State,Series,Biography,2007,Rebecca Gonzalez
555,Fly Citizen,Movie,Action,2011,Julia Stewart
556,Attorney Hear,Movie,Adventure,2008,Melissa Graham
557,Break Start,Series,Drama,2015,Alexander Delgado
558,Smile Series,Movie,Documentary,2000,Tonya Sanchez
559,Spend Under,Movie,Thriller,2018,Henry Vargas
560,Anything View,Series,Drama,2012,Ernest Morgan
561,Right All,Series,Thriller,2011,Charles Marshall
562,Need Effect,Movie,Comedy,2019,Amy Cherry
563,Sea Occur,Movie,Romance,2001,Stephen Johnston
564,Must Music,Movie,Adventure,2023,Jordan Edwards
565,Without Enjoy,Movie,Comedy,2013,Audrey Payne
566,Outside Center,Movie,Crime,1999,Elijah Olson
567,Poor Protect,Movie,Documentary,2006,Jill Roberts
568,Thus Mouth,Movie,Crime,2025,Thomas Patterson
569,Would Up,Movie,Documentary,2023,Kelly Jones
570,Hold Police,Series,Action,2010,Ronald Walker
571,Face Resource,Movie,Biography,2022,Dustin Mitchell
572,Food Tell,Series,Drama,2021,Sheryl Holder
573,Money Chance,Series,Romance,2004,Amber Curtis
574,Program Computer,Series,Crime,1999,Brandon Marshall
575,Ok While,Movie,History,2019,John Hines
576,Major Drop,Series,Adventure,2011,Christopher Collins
577,Hold Common,Series,Sci-Fi,2025,Ronald Jones
578,Authority Eat,Series,Action,2022,Daniel Lewis
579,Forward Base,Series,Thriller,2011,Jaclyn Mckinney
580,Job Between,Series,Documentary,2006,Elizabeth Luna
581,Step Still,Movie,Action,2024,Chad Jackson
582,Money Other,Movie,Drama,2006,Angela Allen MD
583,Owner Compare,Series,Documentary,2006,Marilyn Davidson
584,History Dark,Series,Documentary,2014,Patrick Ramirez
585,Front Put,Series,Drama,2005,Vanessa Barnes
586,Available Character,Series,Biography,2019,Erica Hernandez
587,Above Story,Series,History,2015,Jose Hernandez
588,Ask Specific,Movie,Documentary,2012,Heather Davidson
589,Husband Determine,Movie,Thriller,2000,Kelly Mitchell
590,Operation Majority,Series,Drama,2024,Karen Parker
591,Help Open,Movie,Drama,2001,Cheryl Elliott
592,Prepare Majority,Series,Action,2025,Chris Peterson
593,Challenge Great,Movie,History,2014,Christopher Moore
594,Degree She,Series,Drama,2006,Edward Allen
595,Moment Few,Movie,Romance,2008,Cameron Esparza
596,Cultural Fall,Series,Drama,2015,Nancy Alvarado
597,Truth Effect,Movie,Documentary,2020,Dominic Matthews
598,Put Such,Series,Action,2011,Wendy Jackson
599,Degree Would,Series,Thriller,2006,Angel Reyes
600,Learn Prove,Series,Biography,2002,Shari Garza
601,Consider Black,Series,Drama,2001,Lee Miles
602,Scene Set,Movie,Action,2017,Michelle Macdonald
603,Agent Pretty,Series,Drama,2013,Thomas Pacheco
604,So Station,Movie,Documentary,2012,Connor Jones
605,Cover Still,Movie,Sci-Fi,2007,Mary Chen
606,Fish Look,Series,History,2007,Jodi Smith
607,Build International,Movie,Drama,2003,Robert Herring
608,Around Hard,Movie,Drama,2009,Carolyn Carson
609,Or Home,Series,Crime,2010,William Hutchinson
610,Everybody Full,Series,Drama,2017,Nancy Martin
611,Bit Who,Movie,Adventure,2018,Henry Mitchell
612,Choose Address,Movie,Comedy,2022,Kenneth Burton
613,Fact Evidence,Movie,Documentary,2011,Amber Townsend
614,Quite Let,Movie,Crime,2005,Robert Wiggins
615,Space Pm,Movie,Action,2024,James Garcia
616,It Program,Series,Biography,2014,Austin Hernandez
617,Must Pretty,Series,Documentary,2021,David Mason
618,Government Author,Movie,Drama,2008,Gregory Daniels
619,They Try,Series,Documentary,2020,Douglas Pham
620,Push Teacher,Series,Sci-Fi,2015,Mrs. Lisa Blackwell MD
621,Party People,Series,Sci-Fi,2010,William Coleman
622,Land Show,Movie,Sci-Fi,2004,Stacy Horton
623,Whether Process,Movie,Thriller,2001,William Rosario
624,Time Minute,Series,Documentary,2025,Jacob Carlson
625,Other Employee,Series,Sci-Fi,2022,Steven Tate
626,Community Attention,Series,Drama,2019,Ann Freeman
627,Doctor Pay,Series,Drama,2001,Larry Solomon
628,Physical Week,Series,Thriller,2003,Lauren Davis
629,Him Fire,Movie,Sci-Fi,2005,Dominique Robinson
630,Discuss Research,Movie,Drama,2001,Shelly Graham
631,Relationship Value,Series,Drama,2012,Eric Martinez
632,Research Price,Series,History,2014,Amber Lewis
633,Sometimes Center,Movie,Sci-Fi,2021,Rachel Allen
634,Body Republican,Series,History,2010,Brianna Fox
635,Can Box,Movie,Documentary,2005,Beth Ortiz
636,Unit Least,Movie,Documentary,2012,Mrs. Ann Kramer DDS
637,Common Professional,Series,Biography,2024,James Johnson
638,Arrive Security,Series,Drama,2003,Ronald Wilson
639,Ask Role,Series,Action,2012,Michael Smith
640,Remember Movement,Series,History,2003,Andrew Pearson
641,Reality Story,Series,Drama,2002,Matthew Jarvis
642,Sort Professor,Series,Drama,2016,Brendan Sparks
643,Say Help,Movie,Thriller,2018,Chase Rodriguez
644,Until Maybe,Series,Comedy,2012,Travis White
645,Nation Happy,Series,Drama,2016,Cameron Welch
646,Over Thus,Movie,Action,2007,Denise Tran
647,Notice What,Series,Comedy,2025,Craig Valentine
648,Modern Range,Series,Thriller,2009,Leah Johnson
649,Exist Simple,Series,Crime,2022,Laura Ramirez
650,Style Month,Series,Comedy,2019,Mark Lamb
651,Rule Medical,Series,Biography,2009,William Robinson
652,Increase Let,Series,History,2020,Joseph Rocha
653,Across Option,Movie,History,2002,Tara Thomas
654,Later Television,Series,Documentary,1998,Thomas Knight
655,Senior Recognize,Series,Thriller,2003,James Stevens
656,Lot Thank,Series,Drama,2011,Jessica Jackson
657,Cost Together,Series,Drama,2021,Tracy Fischer
658,Bag Particularly,Movie,History,2004,Jason Anderson
659,Possible Guess,Movie,Drama,2018,Vanessa Brooks
660,Real Kind,Series,History,2016,Megan Scott
661,Much Audience,Series,History,2001,Jesse Walker
662,Different Toward,Movie,History,2000,Jonathan Townsend
663,Art White,Movie,Thriller,2015,Michelle West
664,There Economic,Movie,Drama,2007,Scott Gonzalez
665,Foot Study,Series,Drama,2022,Jerry Rubio
666,Do Chair,Movie,Documentary,2021,Emily Smith
667,Mission Mean,Movie,Sci-Fi,1999,Lauren Jordan
668,Perform Foreign,Movie,History,2022,Bonnie Palmer
669,Live Week,Movie,Romance,2000,Monica Adams
670,Near Window,Movie,Comedy,2013,Casey Morse
671,Glass Mention,Series,Sci-Fi,2018,Benjamin Brown
672,Answer Bag,Series,History,2006,Stephanie Peterson
673,Bank Born,Movie,Romance,1998,Matthew Rivera
674,Father Really,Series,Documentary,2015,Jane Vaughan
675,Girl Form,Series,Crime,2012,Tyler Miller
676,Nature Make,Series,History,2017,James King
677,Picture According,Movie,Documentary,2024,Donna Rodriguez
678,Just Common,Series,Drama,2009,Jason Jones
679,Still Themselves,Series,Drama,2019,Laura Newman
680,Moment House,Series,Biography,2023,Cole Dunn
681,How Consumer,Movie,Action,2008,Emily Landry
682,Fire Compare,Series,Drama,2002,Daniel Harris
683,Fill Part,Movie,Romance,2025,Stacy Olson
684,Tax Cost,Series,Thriller,2018,Duane Gomez
685,Per Dinner,Movie,Sci-Fi,2008,Tracy Garner
686,Discuss Mean,Series,Thriller,2018,Betty Garcia
687,Amount Agent,Series,Adventure,2014,Joshua Rivera
688,Cut Painting,Series,Biography,2020,Diana Morris
689,Former Action,Movie,Drama,2014,Patricia Hoffman
690,Fight Relationship,Series,Adventure,2008,Andrew Rubio II
691,Authority Strategy,Series,Drama,2022,Richard Wright
692,Less Stay,Movie,Action,2015,Carol Rivas
693,Describe Return,Series,Drama,2009,Karen James
694,Born Question,Movie,Action,2012,Ronald Francis
695,Computer Sea,Movie,Drama,2010,Mitchell Phelps
696,It Production,Series,Romance,2012,Dylan Moore
697,Official Company,Movie,Biography,2020,Jason Medina
698,Really Still,Series,Biography,2016,Leah Hicks
699,Summer Yard,Movie,Documentary,2007,Jeanette Wise
700,Herself Significant,Movie,Adventure,2023,Matthew Ortiz
701,Likely Pass,Movie,Drama,2008,Logan Thomas
702,Mean Home,Series,History,2012,Tamara Meyers
703,Someone Area,Movie,Comedy,2008,Mr. Daniel Nguyen
704,Daughter Clear,Movie,Biography,2007,Christine Shepard
705,Never Dark,Series,Sci-Fi,2008,Kyle Wilson
706,Table Agent,Series,Crime,2003,Abigail Hess
707,Happen Doctor,Series,Documentary,2007,Alex Diaz
708,Matter Bad,Movie,History,2023,Erica Scott
709,Network Board,Movie,History,2008,Richard Montoya
710,Trip Term,Movie,Sci-Fi,2008,Samantha Reilly
711,Mean Late,Movie,Biography,1999,Anna Lewis
712,High Life,Movie,Documentary,2014,Haley Levine
713,Rule Poor,Series,Documentary,2022,Austin Steele
714,Later Table,Series,History,2002,Karen Simon
715,Remember Husband,Series,History,2021,Sean Jones
716,Will Herself,Series,Thriller,2025,Laurie Woods
717,Large This,Movie,Biography,2011,Zachary Torres
718,Teacher Occur,Movie,Crime,2015,Adrian Best
719,Answer Among,Movie,History,2022,Steven Carter
720,Help Prevent,Movie,History,2000,Beverly Little
721,Affect Special,Series,Crime,2016,Richard Jones
722,Second Election,Movie,Drama,2016,Bernard Daniels
723,Involve Adult,Series,Romance,2001,Sherry Woods
724,Pull End,Movie,Drama,2000,Gregg Wagner
725,Resource Attorney,Series,Drama,2012,Ryan Collins
726,Unit Mention,Series,Biography,2012,Samantha Powers
727,Large Human,Movie,Romance,2017,Alicia Browning
728,Investment Play,Series,Sci-Fi,2014,Ryan Floyd
729,Firm Pick,Movie,Drama,2002,Caleb Massey
730,That Hot,Series,Thriller,2002,Miranda Duncan
731,Answer Serious,Series,Documentary,2013,Linda Rangel
732,Economy A,Movie,Adventure,2006,William Watson
733,Year Every,Series,Action,2008,David White
734,If Author,Series,Biography,1998,Jonathon Robinson
735,Imagine Size,Series,Sci-Fi,2000,Amanda Stephenson
736,Goal Civil,Movie,Crime,2020,Ronald Allen
737,Indeed Practice,Movie,Drama,2003,Angela Johnson
738,General International,Series,Drama,2004,Chris Johnson
739,Necessary Parent,Movie,Drama,2005,Alexander Patel
740,Vote High,Movie,Sci-Fi,2008,Barbara Lee
741,Learn Receive,Movie,Drama,2022,Edward Ramirez
742,Authority Heart,Series,Drama,2013,Geoffrey Lopez
743,Listen Court,Movie,Drama,2021,Michael Blake
744,Success Of,Movie,Crime,2013,Jack Kelly
745,Never Dark,Series,Drama,2020,Amanda Drake
746,Represent Senior,Series,Action,2010,Danielle Little
747,His Protect,Series,Romance,2002,Michael Jensen
748,Same Miss,Movie,Drama,2022,Richard Fletcher
749,Share Agree,Movie,Biography,2006,Margaret Ferrell
750,Season See,Series,Action,2008,Kevin Andrews
751,Hope Dog,Series,Thriller,2019,Tammy Williams
752,Poor Ground,Movie,Documentary,2015,Nathaniel Garrett
753,Compare Teach,Movie,Crime,2012,Gregory Wade
754,See Television,Movie,History,2018,William Vega
755,Tv Fly,Series,Romance,2005,Ruth Dawson
756,Question However,Movie,Thriller,2021,Nicole Nguyen
757,Century Skill,Movie,Comedy,2011,Frank Clark
758,Material Stay,Movie,Drama,2023,Samantha Green
759,Few Television,Movie,Romance,2003,Rebecca Strong
760,Specific Determine,Movie,Comedy,2023,Brandy Smith
761,Television Exactly,Series,Documentary,2015,Beth Jones
762,Who Free,Series,Drama,2025,Zachary Arias
763,Stop Difficult,Movie,History,2009,Kaitlyn Campbell
764,Green Western,Movie,Action,2010,Thomas Juarez
765,Billion Prevent,Series,Comedy,2017,Troy Pace
766,Finish Study,Movie,Crime,2023,Denise Hale MD
767,Foreign Require,Series,Documentary,2021,John Miller
768,Down Spring,Movie,Adventure,2001,Mark Miller
769,Blue Pressure,Series,Comedy,2021,Stephen Lewis
770,Visit Month,Series,Documentary,2000,Amber Elliott
771,Weight Sometimes,Series,Drama,2000,Ricky Smith
772,Really Player,Series,Documentary,2000,Jennifer Jackson
773,Support Employee,Series,Crime,1999,Jonathan Estrada
774,Inside Recently,Series,Drama,2009,Spencer Kramer
775,Result Discover,Series,History,2015,Chloe Sanchez
776,Rather Pay,Series,Sci-Fi,2014,Jordan Wise
777,To Also,Movie,Sci-Fi,2009,Savannah Richardson
778,Art Space,Series,Sci-Fi,2002,Steven Franklin
779,Outside However,Movie,Documentary,1999,Dominique Williams
780,Player Your,Series,Documentary,2019,Deanna Cruz
781,Music Me,Movie,Biography,2007,Stephanie Keith
782,Clear Door,Series,Thriller,2020,Joseph Moore
783,Benefit Father,Series,Action,1999,Nicholas Norris
784,Spring Nature,Series,History,2024,Andrew Martin
785,Same Minute,Series,Adventure,2013,Sarah Young
786,Represent Car,Series,Thriller,1999,Cassandra Young
787,Sit First,Movie,Drama,2024,Michelle Scott
788,Best History,Movie,Sci-Fi,2015,Preston Griffin
789,Western Fly,Series,Adventure,2006,Nicole Frazier
790,Ready Its,Movie,Sci-Fi,2007,Sarah Webb
791,Imagine Recently,Movie,Documentary,2001,Ruth Montgomery
792,Single Scientist,Series,Biography,2017,Robert Aguilar
793,West Second,Movie,Action,2015,Michael Barajas
794,As Hair,Series,Drama,2007,Carol Little
795,Political Spring,Movie,Sci-Fi,2018,Shane Rogers
796,Black Face,Movie,History,2024,Paul Hall
797,Executive Every,Series,Drama,2016,Robert Silva
798,Alone Wife,Series,Action,2010,Amanda Martin
799,Relationship I,Series,Action,2015,Jillian Ryan
800,Necessary Little,Movie,Adventure,2019,Timothy Rogers
801,After Light,Series,Documentary,2015,Debbie Holmes
802,Myself Event,Movie,Adventure,1998,Natalie Werner
803,Author Hold,Movie,Biography,2017,Debra Morrow
804,Health They,Series,Comedy,2015,Caitlin Coleman
805,School World,Movie,Drama,2001,Jessica Houston
806,Stock Town,Series,Drama,2006,Mrs. Cassandra Rogers
807,Activity Information,Movie,Documentary,2010,Kelly Coleman
808,Institution Laugh,Series,Thriller,2017,Henry Johnson
809,Oil Customer,Movie,Adventure,2023,James Hopkins
810,Almost Today,Movie,History,1999,Andrew Rush
811,Board Fill,Movie,Documentary,2009,Joshua Smith
812,It Consumer,Series,Action,2021,Chris Mckee
813,Certainly Plan,Movie,Thriller,2021,Zachary Hayes
814,Increase Challenge,Series,Drama,2017,Ernest Mcguire
815,Fact Resource,Series,Adventure,2020,Stephanie Joseph
816,Sure Federal,Movie,Drama,2012,Eugene Nguyen
817,Few Improve,Series,Documentary,2023,Jessica Stephens
818,I Main,Series,Sci-Fi,2013,Mr. Lee Perez
819,Draw Choose,Series,Documentary,2014,Anthony Ford
820,Last Office,Movie,Romance,2013,William White
821,Team Road,Movie,History,2017,Martin Cruz
822,Skill Level,Movie,Sci-Fi,2013,Amanda White
823,Woman Relationship,Series,Thriller,2009,Adrian Smith
824,Again Realize,Series,Crime,2004,Victor Hunter
825,Yeah Lot,Series,Action,2009,John Mcintosh
826,Everything Task,Movie,Sci-Fi,2006,William Diaz
827,Child None,Series,Biography,2008,Tara Smith
828,Hold Civil,Series,Documentary,2020,Bryan Nelson
829,Authority Indicate,Movie,Sci-Fi,1998,Holly Robertson
830,Able Because,Series,Biography,2021,Brittany Gardner
831,Whole New,Movie,History,2024,Cheryl Hernandez
832,Treatment Marriage,Movie,Sci-Fi,2024,Edward Green
833,Machine Discussion,Movie,Comedy,2008,Mr. Robert Cox
834,Worry Throughout,Series,Documentary,1999,Anna Kim
835,Such Least,Series,Action,1999,Barbara Jones
836,Executive Like,Movie,Biography,2015,Tanya Young
837,Child Own,Series,Drama,2001,William Rivera
838,Threat Customer,Movie,Drama,2024,Kristin Johnson
839,Sing Key,Movie,Action,2014,Joshua Adams
840,Once Human,Movie,Action,2003,Mr. Matthew Morton
841,Walk Dog,Series,Drama,2020,Jose Barr
842,Make To,Series,Adventure,2007,Margaret Buchanan MD
843,School Size,Movie,Romance,2010,Michael Martin
844,Image Likely,Movie,Comedy,2012,Matthew Cole
845,Visit Process,Movie,Drama,2000,Linda Miles
846,Sister Tree,Series,Crime,2009,Dennis Gonzalez
847,Us Clear,Series,Drama,2003,Amber Garza
848,Itself Write,Movie,Drama,1998,Seth Edwards
849,Court Across,Movie,Action,1998,Alicia Clay
850,Such Follow,Series,Romance,2023,Jennifer Wilkinson
851,Public Home,Movie,Adventure,2010,Brett Stewart
852,Begin Production,Movie,Documentary,2019,Tara Williams
853,Under Image,Series,Drama,2018,Crystal Castro
854,Too Card,Movie,Crime,2021,Anthony Nelson
855,Staff Someone,Movie,Sci-Fi,2021,Katie Robinson
856,Participant Direction,Series,Thriller,2009,Laura Odom
857,General Father,Series,Action,2013,Melissa Willis
858,Life Want,Series,History,2003,Zachary Taylor
859,Ok Everything,Series,Thriller,2004,Cassandra Scott
860,Door Need,Series,Drama,1998,Monica Roberts
861,Its At,Series,History,2017,Dennis Morales
862,Suggest Fight,Movie,Drama,2007,Jessica Scott
863,Three Team,Series,Drama,2006,Kelly Stone
864,Discover Economy,Movie,Sci-Fi,2009,Monica Ross
865,Record Commercial,Series,Drama,2003,Dustin Pierce
866,Remember Sing,Series,Thriller,2002,John Key
867,Natural Hundred,Movie,Drama,2019,Rachel Reid
868,Hope Out,Series,Thriller,2005,Regina Mcdaniel
869,Accept Tree,Series,Drama,2025,Savannah Austin
870,Force Wish,Movie,Drama,2011,Anthony Franklin
871,By Share,Series,Documentary,2019,Douglas Johnson
872,Bill Shake,Series,Drama,1998,William Page
873,Summer Pretty,Series,Comedy,2013,Brenda Brown
874,Bill Explain,Series,Drama,2017,Ashley Bell
875,Sell See,Movie,Drama,2021,Douglas Ellis
876,Remain Of,Series,Crime,2011,Joseph Miller
877,Instead Interest,Movie,Documentary,2012,Cameron Mcconnell
878,Force Allow,Series,Drama,2003,Tyler Brown
879,Receive Activity,Movie,Crime,2006,Kelli Moyer
880,Until Order,Movie,Action,2018,Kathleen Jones
881,Garden Writer,Series,Thriller,2020,Kristen Fernandez
882,Cause Subject,Series,Adventure,2006,Erin Martinez
883,Strategy Laugh,Movie,Drama,2010,Peter Herring
884,Interest Little,Movie,Adventure,2001,Alicia Romero
885,Green Past,Movie,Thriller,2004,Michael Jones
886,Eat Institution,Series,Adventure,2025,Olivia Wilson
887,For Nice,Movie,History,2023,Denise Kelly
888,Daughter Drug,Movie,Biography,2001,Kevin Young
889,Event Clear,Series,Drama,2004,Michael Green
890,Least Reduce,Movie,Drama,2015,Cynthia Brown
891,Firm Employee,Movie,Biography,2001,Maria Barton
892,See Remain,Series,Action,2019,Jeremy Gray
893,Whole Girl,Series,Sci-Fi,2003,Jason Singh
894,Fear For,Series,Adventure,2002,Jennifer Robinson
895,Modern Concern,Movie,Drama,2012,Shawn Carson
896,Bill Speech,Series,Comedy,2021,Gerald Glass
897,Herself Represent,Movie,Action,2002,Ann Oliver
898,Fill Whatever,Series,Sci-Fi,2011,Stephanie Brown
899,Top Challenge,Series,Adventure,2016,Janice Burgess
900,Mother Hundred,Series,Comedy,2015,Rodney Gross
